{"cameraMode":{"drawMode":0,"name":"Shaded","section":"Shading Mode"},"sceneLighting":true,"audioPlay":false,"sceneViewState":{"m_AlwaysRefresh":false,"showFog":true,"showSkybox":true,"showFlares":true,"showImageEffects":true,"showParticleSystems":true,"showVisualEffectGraphs":true,"m_FxEnabled":true},"in2DMode":false,"pivot":{"x":-0.28295767307281496,"y":-0.22178520262241364,"z":0.10076748579740524},"rotation":{"x":-0.3822629451751709,"y":0.0068919104523956779,"z":-0.005758082959800959,"w":-0.9238842725753784},"size":1.9931902885437012,"orthographic":false}