{"cameraMode":{"drawMode":0,"name":"Shaded","section":"Shading Mode"},"sceneLighting":true,"audioPlay":false,"sceneViewState":{"m_AlwaysRefresh":false,"showFog":true,"showSkybox":true,"showFlares":true,"showImageEffects":true,"showParticleSystems":true,"showVisualEffectGraphs":true,"m_FxEnabled":true},"in2DMode":false,"pivot":{"x":-2.247166633605957,"y":1.1505868434906006,"z":0.8015247583389282},"rotation":{"x":0.24853694438934327,"y":-0.585914671421051,"z":0.19653819501399995,"w":0.7454984188079834},"size":1.0245299339294434,"orthographic":false}